t_s,q_net_kW_m2
0,0
0.5,0.0025
1,0.005
1.5,0.0075
2,0.01
2.5,0.0125
3,0.015
3.5,0.0175
4,0.02
4.5,0.0225
5,0.025
5.5,0.0275
6,0.03
6.5,0.0325
7,0.035
7.5,0.0375
8,0.04
8.5,0.0425
9,0.045
9.5,0.0475
10,0.05
10.5,0.0525
11,0.055
11.5,0.0575
12,0.06
12.5,0.0625
13,0.065
13.5,0.0675
14,0.07
14.5,0.0725
15,0.075
15.5,0.0775
16,0.08
16.5,0.0825
17,0.085
17.5,0.0875
18,0.09
18.5,0.0925
19,0.095
19.5,0.0975
20,0.1
20.5,0.1025
21,0.105
21.5,0.1075
22,0.11
22.5,0.1125
23,0.115
23.5,0.1175
24,0.12
24.5,0.1225
25,0.125
25.5,0.1275
26,0.13
26.5,0.1325
27,0.135
27.5,0.1375
28,0.14
28.5,0.1425
29,0.145
29.5,0.1475
30,0.15
30.5,0.1525
31,0.155
31.5,0.1575
32,0.16
32.5,0.1625
33,0.165
33.5,0.1675
34,0.17
34.5,0.1725
35,0.175
35.5,0.1775
36,0.18
36.5,0.1825
37,0.185
37.5,0.1875
38,0.19
38.5,0.1925
39,0.195
39.5,0.1975
40,0.2
40.5,0.2025
41,0.205
41.5,0.2075
42,0.21
42.5,0.2125
43,0.215
43.5,0.2175
44,0.22
44.5,0.2225
45,0.225
45.5,0.2275
46,0.23
46.5,0.2325
47,0.235
47.5,0.2375
48,0.24
48.5,0.2425
49,0.245
49.5,0.2475
50,0.25
50.5,0.2525
51,0.255
51.5,0.2575
52,0.26
52.5,0.2625
53,0.265
53.5,0.2675
54,0.27
54.5,0.2725
55,0.275
55.5,0.2775
56,0.28
56.5,0.2825
57,0.285
57.5,0.2875
58,0.29
58.5,0.2925
59,0.295
59.5,0.2975
60,0.3
60.5,0.3025
61,0.305
61.5,0.3075
62,0.31
62.5,0.3125
63,0.315
63.5,0.3175
64,0.32
64.5,0.3225
65,0.325
65.5,0.3275
66,0.33
66.5,0.3325
67,0.335
67.5,0.3375
68,0.34
68.5,0.3425
69,0.345
69.5,0.3475
70,0.35
70.5,0.3525
71,0.355
71.5,0.3575
72,0.36
72.5,0.3625
73,0.365
73.5,0.3675
74,0.37
74.5,0.3725
75,0.375
75.5,0.3775
76,0.38
76.5,0.3825
77,0.385
77.5,0.3875
78,0.39
78.5,0.3925
79,0.395
79.5,0.3975
80,0.4
80.5,0.4025
81,0.405
81.5,0.4075
82,0.41
82.5,0.4125
83,0.415
83.5,0.4175
84,0.42
84.5,0.4225
85,0.425
85.5,0.4275
86,0.43
86.5,0.4325
87,0.435
87.5,0.4375
88,0.44
88.5,0.4425
89,0.445
89.5,0.4475
90,0.45
90.5,0.4525
91,0.455
91.5,0.4575
92,0.46
92.5,0.4625
93,0.465
93.5,0.4675
94,0.47
94.5,0.4725
95,0.475
95.5,0.4775
96,0.48
96.5,0.4825
97,0.485
97.5,0.4875
98,0.49
98.5,0.4925
99,0.495
99.5,0.4975
100,0.5
100.5,0.5025
101,0.505
101.5,0.5075
102,0.51
102.5,0.5125
103,0.515
103.5,0.5175
104,0.52
104.5,0.5225
105,0.525
105.5,0.5275
106,0.53
106.5,0.5325
107,0.535
107.5,0.5375
108,0.54
108.5,0.5425
109,0.545
109.5,0.5475
110,0.55
110.5,0.5525
111,0.555
111.5,0.5575
112,0.56
112.5,0.5625
113,0.565
113.5,0.5675
114,0.57
114.5,0.5725
115,0.575
115.5,0.5775
116,0.58
116.5,0.5825
117,0.585
117.5,0.5875
118,0.59
118.5,0.5925
119,0.595
119.5,0.5975
120,0.6
120.5,0.6025
121,0.605
121.5,0.6075
122,0.61
122.5,0.6125
123,0.615
123.5,0.6175
124,0.62
124.5,0.6225
125,0.625
125.5,0.6275
126,0.63
126.5,0.6325
127,0.635
127.5,0.6375
128,0.64
128.5,0.6425
129,0.645
129.5,0.6475
130,0.65
130.5,0.6525
131,0.655
131.5,0.6575
132,0.66
132.5,0.6625
133,0.665
133.5,0.6675
134,0.67
134.5,0.6725
135,0.675
135.5,0.6775
136,0.68
136.5,0.6825
137,0.685
137.5,0.6875
138,0.69
138.5,0.6925
139,0.695
139.5,0.6975
140,0.7
140.5,0.7025
141,0.705
141.5,0.7075
142,0.71
142.5,0.7125
143,0.715
143.5,0.7175
144,0.72
144.5,0.7225
145,0.725
145.5,0.7275
146,0.73
146.5,0.7325
147,0.735
147.5,0.7375
148,0.74
148.5,0.7425
149,0.745
149.5,0.7475
150,0.75
150.5,0.7525
151,0.755
151.5,0.7575
152,0.76
152.5,0.7625
153,0.765
153.5,0.7675
154,0.77
154.5,0.7725
155,0.775
155.5,0.7775
156,0.78
156.5,0.7825
157,0.785
157.5,0.7875
158,0.79
158.5,0.7925
159,0.795
159.5,0.7975
160,0.8
160.5,0.8025
161,0.805
161.5,0.8075
162,0.81
162.5,0.8125
163,0.815
163.5,0.8175
164,0.82
164.5,0.8225
165,0.825
165.5,0.8275
166,0.83
166.5,0.8325
167,0.835
167.5,0.8375
168,0.84
168.5,0.8425
169,0.845
169.5,0.8475
170,0.85
170.5,0.8525
171,0.855
171.5,0.8575
172,0.86
172.5,0.8625
173,0.865
173.5,0.8675
174,0.87
174.5,0.8725
175,0.875
175.5,0.8775
176,0.88
176.5,0.8825
177,0.885
177.5,0.8875
178,0.89
178.5,0.8925
179,0.895
179.5,0.8975
180,0.9
180.5,0.9025
181,0.905
181.5,0.9075
182,0.91
182.5,0.9125
183,0.915
183.5,0.9175
184,0.92
184.5,0.9225
185,0.925
185.5,0.9275
186,0.93
186.5,0.9325
187,0.935
187.5,0.9375
188,0.94
188.5,0.9425
189,0.945
189.5,0.9475
190,0.95
190.5,0.9525
191,0.955
191.5,0.9575
192,0.96
192.5,0.9625
193,0.965
193.5,0.9675
194,0.97
194.5,0.9725
195,0.975
195.5,0.9775
196,0.98
196.5,0.9825
197,0.985
197.5,0.9875
198,0.99
198.5,0.9925
199,0.995
199.5,0.9975
200,1
200.5,1.0025
201,1.005
201.5,1.0075
202,1.01
202.5,1.0125
203,1.015
203.5,1.0175
204,1.02
204.5,1.0225
205,1.025
205.5,1.0275
206,1.03
206.5,1.0325
207,1.035
207.5,1.0375
208,1.04
208.5,1.0425
209,1.045
209.5,1.0475
210,1.05
210.5,1.0525
211,1.055
211.5,1.0575
212,1.06
212.5,1.0625
213,1.065
213.5,1.0675
214,1.07
214.5,1.0725
215,1.075
215.5,1.0775
216,1.08
216.5,1.0825
217,1.085
217.5,1.0875
218,1.09
218.5,1.0925
219,1.095
219.5,1.0975
220,1.1
220.5,1.1025
221,1.105
221.5,1.1075
222,1.11
222.5,1.1125
223,1.115
223.5,1.1175
224,1.12
224.5,1.1225
225,1.125
225.5,1.1275
226,1.13
226.5,1.1325
227,1.135
227.5,1.1375
228,1.14
228.5,1.1425
229,1.145
229.5,1.1475
230,1.15
230.5,1.1525
231,1.155
231.5,1.1575
232,1.16
232.5,1.1625
233,1.165
233.5,1.1675
234,1.17
234.5,1.1725
235,1.175
235.5,1.1775
236,1.18
236.5,1.1825
237,1.185
237.5,1.1875
238,1.19
238.5,1.1925
239,1.195
239.5,1.1975
240,1.2
240.5,1.2025
241,1.205
241.5,1.2075
242,1.21
242.5,1.2125
243,1.215
243.5,1.2175
244,1.22
244.5,1.2225
245,1.225
245.5,1.2275
246,1.23
246.5,1.2325
247,1.235
247.5,1.2375
248,1.24
248.5,1.2425
249,1.245
249.5,1.2475
250,1.25
250.5,1.2525
251,1.255
251.5,1.2575
252,1.26
252.5,1.2625
253,1.265
253.5,1.2675
254,1.27
254.5,1.2725
255,1.275
255.5,1.2775
256,1.28
256.5,1.2825
257,1.285
257.5,1.2875
258,1.29
258.5,1.2925
259,1.295
259.5,1.2975
260,1.3
260.5,1.3025
261,1.305
261.5,1.3075
262,1.31
262.5,1.3125
263,1.315
263.5,1.3175
264,1.32
264.5,1.3225
265,1.325
265.5,1.3275
266,1.33
266.5,1.3325
267,1.335
267.5,1.3375
268,1.34
268.5,1.3425
269,1.345
269.5,1.3475
270,1.35
270.5,1.3525
271,1.355
271.5,1.3575
272,1.36
272.5,1.3625
273,1.365
273.5,1.3675
274,1.37
274.5,1.3725
275,1.375
275.5,1.3775
276,1.38
276.5,1.3825
277,1.385
277.5,1.3875
278,1.39
278.5,1.3925
279,1.395
279.5,1.3975
280,1.4
280.5,1.4025
281,1.405
281.5,1.4075
282,1.41
282.5,1.4125
283,1.415
283.5,1.4175
284,1.42
284.5,1.4225
285,1.425
285.5,1.4275
286,1.43
286.5,1.4325
287,1.435
287.5,1.4375
288,1.44
288.5,1.4425
289,1.445
289.5,1.4475
290,1.45
290.5,1.4525
291,1.455
291.5,1.4575
292,1.46
292.5,1.4625
293,1.465
293.5,1.4675
294,1.47
294.5,1.4725
295,1.475
295.5,1.4775
296,1.48
296.5,1.4825
297,1.485
297.5,1.4875
298,1.49
298.5,1.4925
299,1.495
299.5,1.4975
300,1.5
300.5,1.50417
301,1.50833
301.5,1.5125
302,1.51667
302.5,1.52083
303,1.525
303.5,1.52917
304,1.53333
304.5,1.5375
305,1.54167
305.5,1.54583
306,1.55
306.5,1.55417
307,1.55833
307.5,1.5625
308,1.56667
308.5,1.57083
309,1.575
309.5,1.57917
310,1.58333
310.5,1.5875
311,1.59167
311.5,1.59583
312,1.6
312.5,1.60417
313,1.60833
313.5,1.6125
314,1.61667
314.5,1.62083
315,1.625
315.5,1.62917
316,1.63333
316.5,1.6375
317,1.64167
317.5,1.64583
318,1.65
318.5,1.65417
319,1.65833
319.5,1.6625
320,1.66667
320.5,1.67083
321,1.675
321.5,1.67917
322,1.68333
322.5,1.6875
323,1.69167
323.5,1.69583
324,1.7
324.5,1.70417
325,1.70833
325.5,1.7125
326,1.71667
326.5,1.72083
327,1.725
327.5,1.72917
328,1.73333
328.5,1.7375
329,1.74167
329.5,1.74583
330,1.75
330.5,1.75417
331,1.75833
331.5,1.7625
332,1.76667
332.5,1.77083
333,1.775
333.5,1.77917
334,1.78333
334.5,1.7875
335,1.79167
335.5,1.79583
336,1.8
336.5,1.80417
337,1.80833
337.5,1.8125
338,1.81667
338.5,1.82083
339,1.825
339.5,1.82917
340,1.83333
340.5,1.8375
341,1.84167
341.5,1.84583
342,1.85
342.5,1.85417
343,1.85833
343.5,1.8625
344,1.86667
344.5,1.87083
345,1.875
345.5,1.87917
346,1.88333
346.5,1.8875
347,1.89167
347.5,1.89583
348,1.9
348.5,1.90417
349,1.90833
349.5,1.9125
350,1.91667
350.5,1.92083
351,1.925
351.5,1.92917
352,1.93333
352.5,1.9375
353,1.94167
353.5,1.94583
354,1.95
354.5,1.95417
355,1.95833
355.5,1.9625
356,1.96667
356.5,1.97083
357,1.975
357.5,1.97917
358,1.98333
358.5,1.9875
359,1.99167
359.5,1.99583
360,2
360.5,2.00417
361,2.00833
361.5,2.0125
362,2.01667
362.5,2.02083
363,2.025
363.5,2.02917
364,2.03333
364.5,2.0375
365,2.04167
365.5,2.04583
366,2.05
366.5,2.05417
367,2.05833
367.5,2.0625
368,2.06667
368.5,2.07083
369,2.075
369.5,2.07917
370,2.08333
370.5,2.0875
371,2.09167
371.5,2.09583
372,2.1
372.5,2.10417
373,2.10833
373.5,2.1125
374,2.11667
374.5,2.12083
375,2.125
375.5,2.12917
376,2.13333
376.5,2.1375
377,2.14167
377.5,2.14583
378,2.15
378.5,2.15417
379,2.15833
379.5,2.1625
380,2.16667
380.5,2.17083
381,2.175
381.5,2.17917
382,2.18333
382.5,2.1875
383,2.19167
383.5,2.19583
384,2.2
384.5,2.20417
385,2.20833
385.5,2.2125
386,2.21667
386.5,2.22083
387,2.225
387.5,2.22917
388,2.23333
388.5,2.2375
389,2.24167
389.5,2.24583
390,2.25
390.5,2.25417
391,2.25833
391.5,2.2625
392,2.26667
392.5,2.27083
393,2.275
393.5,2.27917
394,2.28333
394.5,2.2875
395,2.29167
395.5,2.29583
396,2.3
396.5,2.30417
397,2.30833
397.5,2.3125
398,2.31667
398.5,2.32083
399,2.325
399.5,2.32917
400,2.33333
400.5,2.3375
401,2.34167
401.5,2.34583
402,2.35
402.5,2.35417
403,2.35833
403.5,2.3625
404,2.36667
404.5,2.37083
405,2.375
405.5,2.37917
406,2.38333
406.5,2.3875
407,2.39167
407.5,2.39583
408,2.4
408.5,2.40417
409,2.40833
409.5,2.4125
410,2.41667
410.5,2.42083
411,2.425
411.5,2.42917
412,2.43333
412.5,2.4375
413,2.44167
413.5,2.44583
414,2.45
414.5,2.45417
415,2.45833
415.5,2.4625
416,2.46667
416.5,2.47083
417,2.475
417.5,2.47917
418,2.48333
418.5,2.4875
419,2.49167
419.5,2.49583
420,2.5
420.5,2.50417
421,2.50833
421.5,2.5125
422,2.51667
422.5,2.52083
423,2.525
423.5,2.52917
424,2.53333
424.5,2.5375
425,2.54167
425.5,2.54583
426,2.55
426.5,2.55417
427,2.55833
427.5,2.5625
428,2.56667
428.5,2.57083
429,2.575
429.5,2.57917
430,2.58333
430.5,2.5875
431,2.59167
431.5,2.59583
432,2.6
432.5,2.60417
433,2.60833
433.5,2.6125
434,2.61667
434.5,2.62083
435,2.625
435.5,2.62917
436,2.63333
436.5,2.6375
437,2.64167
437.5,2.64583
438,2.65
438.5,2.65417
439,2.65833
439.5,2.6625
440,2.66667
440.5,2.67083
441,2.675
441.5,2.67917
442,2.68333
442.5,2.6875
443,2.69167
443.5,2.69583
444,2.7
444.5,2.70417
445,2.70833
445.5,2.7125
446,2.71667
446.5,2.72083
447,2.725
447.5,2.72917
448,2.73333
448.5,2.7375
449,2.74167
449.5,2.74583
450,2.75
450.5,2.75417
451,2.75833
451.5,2.7625
452,2.76667
452.5,2.77083
453,2.775
453.5,2.77917
454,2.78333
454.5,2.7875
455,2.79167
455.5,2.79583
456,2.8
456.5,2.80417
457,2.80833
457.5,2.8125
458,2.81667
458.5,2.82083
459,2.825
459.5,2.82917
460,2.83333
460.5,2.8375
461,2.84167
461.5,2.84583
462,2.85
462.5,2.85417
463,2.85833
463.5,2.8625
464,2.86667
464.5,2.87083
465,2.875
465.5,2.87917
466,2.88333
466.5,2.8875
467,2.89167
467.5,2.89583
468,2.9
468.5,2.90417
469,2.90833
469.5,2.9125
470,2.91667
470.5,2.92083
471,2.925
471.5,2.92917
472,2.93333
472.5,2.9375
473,2.94167
473.5,2.94583
474,2.95
474.5,2.95417
475,2.95833
475.5,2.9625
476,2.96667
476.5,2.97083
477,2.975
477.5,2.97917
478,2.98333
478.5,2.9875
479,2.99167
479.5,2.99583
480,3
480.5,3.00417
481,3.00833
481.5,3.0125
482,3.01667
482.5,3.02083
483,3.025
483.5,3.02917
484,3.03333
484.5,3.0375
485,3.04167
485.5,3.04583
486,3.05
486.5,3.05417
487,3.05833
487.5,3.0625
488,3.06667
488.5,3.07083
489,3.075
489.5,3.07917
490,3.08333
490.5,3.0875
491,3.09167
491.5,3.09583
492,3.1
492.5,3.10417
493,3.10833
493.5,3.1125
494,3.11667
494.5,3.12083
495,3.125
495.5,3.12917
496,3.13333
496.5,3.1375
497,3.14167
497.5,3.14583
498,3.15
498.5,3.15417
499,3.15833
499.5,3.1625
500,3.16667
500.5,3.17083
501,3.175
501.5,3.17917
502,3.18333
502.5,3.1875
503,3.19167
503.5,3.19583
504,3.2
504.5,3.20417
505,3.20833
505.5,3.2125
506,3.21667
506.5,3.22083
507,3.225
507.5,3.22917
508,3.23333
508.5,3.2375
509,3.24167
509.5,3.24583
510,3.25
510.5,3.25417
511,3.25833
511.5,3.2625
512,3.26667
512.5,3.27083
513,3.275
513.5,3.27917
514,3.28333
514.5,3.2875
515,3.29167
515.5,3.29583
516,3.3
516.5,3.30417
517,3.30833
517.5,3.3125
518,3.31667
518.5,3.32083
519,3.325
519.5,3.32917
520,3.33333
520.5,3.3375
521,3.34167
521.5,3.34583
522,3.35
522.5,3.35417
523,3.35833
523.5,3.3625
524,3.36667
524.5,3.37083
525,3.375
525.5,3.37917
526,3.38333
526.5,3.3875
527,3.39167
527.5,3.39583
528,3.4
528.5,3.40417
529,3.40833
529.5,3.4125
530,3.41667
530.5,3.42083
531,3.425
531.5,3.42917
532,3.43333
532.5,3.4375
533,3.44167
533.5,3.44583
534,3.45
534.5,3.45417
535,3.45833
535.5,3.4625
536,3.46667
536.5,3.47083
537,3.475
537.5,3.47917
538,3.48333
538.5,3.4875
539,3.49167
539.5,3.49583
540,3.5
540.5,3.50417
541,3.50833
541.5,3.5125
542,3.51667
542.5,3.52083
543,3.525
543.5,3.52917
544,3.53333
544.5,3.5375
545,3.54167
545.5,3.54583
546,3.55
546.5,3.55417
547,3.55833
547.5,3.5625
548,3.56667
548.5,3.57083
549,3.575
549.5,3.57917
550,3.58333
550.5,3.5875
551,3.59167
551.5,3.59583
552,3.6
552.5,3.60417
553,3.60833
553.5,3.6125
554,3.61667
554.5,3.62083
555,3.625
555.5,3.62917
556,3.63333
556.5,3.6375
557,3.64167
557.5,3.64583
558,3.65
558.5,3.65417
559,3.65833
559.5,3.6625
560,3.66667
560.5,3.67083
561,3.675
561.5,3.67917
562,3.68333
562.5,3.6875
563,3.69167
563.5,3.69583
564,3.7
564.5,3.70417
565,3.70833
565.5,3.7125
566,3.71667
566.5,3.72083
567,3.725
567.5,3.72917
568,3.73333
568.5,3.7375
569,3.74167
569.5,3.74583
570,3.75
570.5,3.75417
571,3.75833
571.5,3.7625
572,3.76667
572.5,3.77083
573,3.775
573.5,3.77917
574,3.78333
574.5,3.7875
575,3.79167
575.5,3.79583
576,3.8
576.5,3.80417
577,3.80833
577.5,3.8125
578,3.81667
578.5,3.82083
579,3.825
579.5,3.82917
580,3.83333
580.5,3.8375
581,3.84167
581.5,3.84583
582,3.85
582.5,3.85417
583,3.85833
583.5,3.8625
584,3.86667
584.5,3.87083
585,3.875
585.5,3.87917
586,3.88333
586.5,3.8875
587,3.89167
587.5,3.89583
588,3.9
588.5,3.90417
589,3.90833
589.5,3.9125
590,3.91667
590.5,3.92083
591,3.925
591.5,3.92917
592,3.93333
592.5,3.9375
593,3.94167
593.5,3.94583
594,3.95
594.5,3.95417
595,3.95833
595.5,3.9625
596,3.96667
596.5,3.97083
597,3.975
597.5,3.97917
598,3.98333
598.5,3.9875
599,3.99167
599.5,3.99583
600,4
600.5,4.00167
601,4.00333
601.5,4.005
602,4.00667
602.5,4.00833
603,4.01
603.5,4.01167
604,4.01333
604.5,4.015
605,4.01667
605.5,4.01833
606,4.02
606.5,4.02167
607,4.02333
607.5,4.025
608,4.02667
608.5,4.02833
609,4.03
609.5,4.03167
610,4.03333
610.5,4.035
611,4.03667
611.5,4.03833
612,4.04
612.5,4.04167
613,4.04333
613.5,4.045
614,4.04667
614.5,4.04833
615,4.05
615.5,4.05167
616,4.05333
616.5,4.055
617,4.05667
617.5,4.05833
618,4.06
618.5,4.06167
619,4.06333
619.5,4.065
620,4.06667
620.5,4.06833
621,4.07
621.5,4.07167
622,4.07333
622.5,4.075
623,4.07667
623.5,4.07833
624,4.08
624.5,4.08167
625,4.08333
625.5,4.085
626,4.08667
626.5,4.08833
627,4.09
627.5,4.09167
628,4.09333
628.5,4.095
629,4.09667
629.5,4.09833
630,4.1
630.5,4.10167
631,4.10333
631.5,4.105
632,4.10667
632.5,4.10833
633,4.11
633.5,4.11167
634,4.11333
634.5,4.115
635,4.11667
635.5,4.11833
636,4.12
636.5,4.12167
637,4.12333
637.5,4.125
638,4.12667
638.5,4.12833
639,4.13
639.5,4.13167
640,4.13333
640.5,4.135
641,4.13667
641.5,4.13833
642,4.14
642.5,4.14167
643,4.14333
643.5,4.145
644,4.14667
644.5,4.14833
645,4.15
645.5,4.15167
646,4.15333
646.5,4.155
647,4.15667
647.5,4.15833
648,4.16
648.5,4.16167
649,4.16333
649.5,4.165
650,4.16667
650.5,4.16833
651,4.17
651.5,4.17167
652,4.17333
652.5,4.175
653,4.17667
653.5,4.17833
654,4.18
654.5,4.18167
655,4.18333
655.5,4.185
656,4.18667
656.5,4.18833
657,4.19
657.5,4.19167
658,4.19333
658.5,4.195
659,4.19667
659.5,4.19833
660,4.2
660.5,4.20167
661,4.20333
661.5,4.205
662,4.20667
662.5,4.20833
663,4.21
663.5,4.21167
664,4.21333
664.5,4.215
665,4.21667
665.5,4.21833
666,4.22
666.5,4.22167
667,4.22333
667.5,4.225
668,4.22667
668.5,4.22833
669,4.23
669.5,4.23167
670,4.23333
670.5,4.235
671,4.23667
671.5,4.23833
672,4.24
672.5,4.24167
673,4.24333
673.5,4.245
674,4.24667
674.5,4.24833
675,4.25
675.5,4.25167
676,4.25333
676.5,4.255
677,4.25667
677.5,4.25833
678,4.26
678.5,4.26167
679,4.26333
679.5,4.265
680,4.26667
680.5,4.26833
681,4.27
681.5,4.27167
682,4.27333
682.5,4.275
683,4.27667
683.5,4.27833
684,4.28
684.5,4.28167
685,4.28333
685.5,4.285
686,4.28667
686.5,4.28833
687,4.29
687.5,4.29167
688,4.29333
688.5,4.295
689,4.29667
689.5,4.29833
690,4.3
690.5,4.30167
691,4.30333
691.5,4.305
692,4.30667
692.5,4.30833
693,4.31
693.5,4.31167
694,4.31333
694.5,4.315
695,4.31667
695.5,4.31833
696,4.32
696.5,4.32167
697,4.32333
697.5,4.325
698,4.32667
698.5,4.32833
699,4.33
699.5,4.33167
700,4.33333
700.5,4.335
701,4.33667
701.5,4.33833
702,4.34
702.5,4.34167
703,4.34333
703.5,4.345
704,4.34667
704.5,4.34833
705,4.35
705.5,4.35167
706,4.35333
706.5,4.355
707,4.35667
707.5,4.35833
708,4.36
708.5,4.36167
709,4.36333
709.5,4.365
710,4.36667
710.5,4.36833
711,4.37
711.5,4.37167
712,4.37333
712.5,4.375
713,4.37667
713.5,4.37833
714,4.38
714.5,4.38167
715,4.38333
715.5,4.385
716,4.38667
716.5,4.38833
717,4.39
717.5,4.39167
718,4.39333
718.5,4.395
719,4.39667
719.5,4.39833
720,4.4
720.5,4.40167
721,4.40333
721.5,4.405
722,4.40667
722.5,4.40833
723,4.41
723.5,4.41167
724,4.41333
724.5,4.415
725,4.41667
725.5,4.41833
726,4.42
726.5,4.42167
727,4.42333
727.5,4.425
728,4.42667
728.5,4.42833
729,4.43
729.5,4.43167
730,4.43333
730.5,4.435
731,4.43667
731.5,4.43833
732,4.44
732.5,4.44167
733,4.44333
733.5,4.445
734,4.44667
734.5,4.44833
735,4.45
735.5,4.45167
736,4.45333
736.5,4.455
737,4.45667
737.5,4.45833
738,4.46
738.5,4.46167
739,4.46333
739.5,4.465
740,4.46667
740.5,4.46833
741,4.47
741.5,4.47167
742,4.47333
742.5,4.475
743,4.47667
743.5,4.47833
744,4.48
744.5,4.48167
745,4.48333
745.5,4.485
746,4.48667
746.5,4.48833
747,4.49
747.5,4.49167
748,4.49333
748.5,4.495
749,4.49667
749.5,4.49833
750,4.5
750.5,4.50167
751,4.50333
751.5,4.505
752,4.50667
752.5,4.50833
753,4.51
753.5,4.51167
754,4.51333
754.5,4.515
755,4.51667
755.5,4.51833
756,4.52
756.5,4.52167
757,4.52333
757.5,4.525
758,4.52667
758.5,4.52833
759,4.53
759.5,4.53167
760,4.53333
760.5,4.535
761,4.53667
761.5,4.53833
762,4.54
762.5,4.54167
763,4.54333
763.5,4.545
764,4.54667
764.5,4.54833
765,4.55
765.5,4.55167
766,4.55333
766.5,4.555
767,4.55667
767.5,4.55833
768,4.56
768.5,4.56167
769,4.56333
769.5,4.565
770,4.56667
770.5,4.56833
771,4.57
771.5,4.57167
772,4.57333
772.5,4.575
773,4.57667
773.5,4.57833
774,4.58
774.5,4.58167
775,4.58333
775.5,4.585
776,4.58667
776.5,4.58833
777,4.59
777.5,4.59167
778,4.59333
778.5,4.595
779,4.59667
779.5,4.59833
780,4.6
780.5,4.60167
781,4.60333
781.5,4.605
782,4.60667
782.5,4.60833
783,4.61
783.5,4.61167
784,4.61333
784.5,4.615
785,4.61667
785.5,4.61833
786,4.62
786.5,4.62167
787,4.62333
787.5,4.625
788,4.62667
788.5,4.62833
789,4.63
789.5,4.63167
790,4.63333
790.5,4.635
791,4.63667
791.5,4.63833
792,4.64
792.5,4.64167
793,4.64333
793.5,4.645
794,4.64667
794.5,4.64833
795,4.65
795.5,4.65167
796,4.65333
796.5,4.655
797,4.65667
797.5,4.65833
798,4.66
798.5,4.66167
799,4.66333
799.5,4.665
800,4.66667
800.5,4.66833
801,4.67
801.5,4.67167
802,4.67333
802.5,4.675
803,4.67667
803.5,4.67833
804,4.68
804.5,4.68167
805,4.68333
805.5,4.685
806,4.68667
806.5,4.68833
807,4.69
807.5,4.69167
808,4.69333
808.5,4.695
809,4.69667
809.5,4.69833
810,4.7
810.5,4.70167
811,4.70333
811.5,4.705
812,4.70667
812.5,4.70833
813,4.71
813.5,4.71167
814,4.71333
814.5,4.715
815,4.71667
815.5,4.71833
816,4.72
816.5,4.72167
817,4.72333
817.5,4.725
818,4.72667
818.5,4.72833
819,4.73
819.5,4.73167
820,4.73333
820.5,4.735
821,4.73667
821.5,4.73833
822,4.74
822.5,4.74167
823,4.74333
823.5,4.745
824,4.74667
824.5,4.74833
825,4.75
825.5,4.75167
826,4.75333
826.5,4.755
827,4.75667
827.5,4.75833
828,4.76
828.5,4.76167
829,4.76333
829.5,4.765
830,4.76667
830.5,4.76833
831,4.77
831.5,4.77167
832,4.77333
832.5,4.775
833,4.77667
833.5,4.77833
834,4.78
834.5,4.78167
835,4.78333
835.5,4.785
836,4.78667
836.5,4.78833
837,4.79
837.5,4.79167
838,4.79333
838.5,4.795
839,4.79667
839.5,4.79833
840,4.8
840.5,4.80167
841,4.80333
841.5,4.805
842,4.80667
842.5,4.80833
843,4.81
843.5,4.81167
844,4.81333
844.5,4.815
845,4.81667
845.5,4.81833
846,4.82
846.5,4.82167
847,4.82333
847.5,4.825
848,4.82667
848.5,4.82833
849,4.83
849.5,4.83167
850,4.83333
850.5,4.835
851,4.83667
851.5,4.83833
852,4.84
852.5,4.84167
853,4.84333
853.5,4.845
854,4.84667
854.5,4.84833
855,4.85
855.5,4.85167
856,4.85333
856.5,4.855
857,4.85667
857.5,4.85833
858,4.86
858.5,4.86167
859,4.86333
859.5,4.865
860,4.86667
860.5,4.86833
861,4.87
861.5,4.87167
862,4.87333
862.5,4.875
863,4.87667
863.5,4.87833
864,4.88
864.5,4.88167
865,4.88333
865.5,4.885
866,4.88667
866.5,4.88833
867,4.89
867.5,4.89167
868,4.89333
868.5,4.895
869,4.89667
869.5,4.89833
870,4.9
870.5,4.90167
871,4.90333
871.5,4.905
872,4.90667
872.5,4.90833
873,4.91
873.5,4.91167
874,4.91333
874.5,4.915
875,4.91667
875.5,4.91833
876,4.92
876.5,4.92167
877,4.92333
877.5,4.925
878,4.92667
878.5,4.92833
879,4.93
879.5,4.93167
880,4.93333
880.5,4.935
881,4.93667
881.5,4.93833
882,4.94
882.5,4.94167
883,4.94333
883.5,4.945
884,4.94667
884.5,4.94833
885,4.95
885.5,4.95167
886,4.95333
886.5,4.955
887,4.95667
887.5,4.95833
888,4.96
888.5,4.96167
889,4.96333
889.5,4.965
890,4.96667
890.5,4.96833
891,4.97
891.5,4.97167
892,4.97333
892.5,4.975
893,4.97667
893.5,4.97833
894,4.98
894.5,4.98167
895,4.98333
895.5,4.985
896,4.98667
896.5,4.98833
897,4.99
897.5,4.99167
898,4.99333
898.5,4.995
899,4.99667
899.5,4.99833
900,5
