t_s,THR_MJ
0,0
0.5,0
1,0
1.5,0
2,0
2.5,0
3,0
3.5,0
4,0
4.5,0
5,0
5.5,0
6,0
6.5,0
7,0
7.5,0
8,0
8.5,0
9,0
9.5,0
10,0
10.5,0
11,0
11.5,0
12,0
12.5,0
13,0
13.5,0
14,0
14.5,0
15,0
15.5,0
16,0
16.5,0
17,0
17.5,0
18,0
18.5,0
19,0
19.5,0
20,0
20.5,0
21,0
21.5,0
22,0
22.5,0
23,0
23.5,0
24,0
24.5,0
25,0
25.5,0
26,0
26.5,0
27,0
27.5,0
28,0
28.5,0
29,0
29.5,0
30,0
30.5,0
31,0
31.5,0
32,0
32.5,0
33,0
33.5,0
34,0
34.5,0
35,0
35.5,0
36,0
36.5,0
37,0
37.5,0
38,0
38.5,0
39,0
39.5,0
40,0
40.5,0
41,0
41.5,0
42,0
42.5,0
43,0
43.5,0
44,0
44.5,0
45,0
45.5,0
46,0
46.5,0
47,0
47.5,0
48,0
48.5,0
49,0
49.5,0
50,0
50.5,0
51,0
51.5,0
52,0
52.5,0
53,0
53.5,0
54,0
54.5,0
55,0
55.5,0
56,0
56.5,0
57,0
57.5,0
58,0
58.5,0
59,0
59.5,0
60,0
60.5,0.0342335
61,0.1027
61.5,0.205401
62,0.342335
62.5,0.513502
63,0.718903
63.5,0.958538
64,1.23241
64.5,1.54051
65,1.88284
65.5,2.22518
66,2.56751
66.5,2.90985
67,3.25218
67.5,3.59452
68,3.93685
68.5,4.27919
69,4.62152
69.5,4.96386
70,5.30619
70.5,5.64853
71,5.99086
71.5,6.3332
72,6.67553
72.5,7.01787
73,7.3602
73.5,7.70254
74,8.04487
74.5,8.38721
75,8.72954
75.5,9.07187
76,9.41421
76.5,9.75654
77,10.0989
77.5,10.4412
78,10.7835
78.5,11.1259
79,11.4682
79.5,11.8106
80,12.1529
80.5,12.4952
81,12.8376
81.5,13.1799
82,13.5222
82.5,13.8646
83,14.2069
83.5,14.5492
84,14.8916
84.5,15.2339
85,15.5762
85.5,15.9186
86,16.2609
86.5,16.6032
87,16.9456
87.5,17.2879
88,17.6302
88.5,17.9726
89,18.3149
89.5,18.6573
90,18.9996
90.5,19.3419
91,19.6843
91.5,20.0266
92,20.3689
92.5,20.7113
93,21.0536
93.5,21.3959
94,21.7383
94.5,22.0806
95,22.4229
95.5,22.7653
96,23.1076
96.5,23.4499
97,23.7923
97.5,24.1346
98,24.4769
98.5,24.8193
99,25.1616
99.5,25.504
100,25.8463
100.5,26.1886
101,26.531
101.5,26.8733
102,27.2156
102.5,27.558
103,27.9003
103.5,28.2426
104,28.585
104.5,28.9273
105,29.2696
105.5,29.612
106,29.9543
106.5,30.2966
107,30.639
107.5,30.9813
108,31.3236
108.5,31.666
109,32.0083
109.5,32.3506
110,32.693
110.5,33.0353
111,33.3777
111.5,33.72
112,34.0623
112.5,34.4047
113,34.747
113.5,35.0893
114,35.4317
114.5,35.774
115,36.1163
115.5,36.4587
116,36.801
116.5,37.1433
117,37.4857
117.5,37.828
118,38.1703
118.5,38.5127
119,38.855
119.5,39.1973
120,39.5397
120.5,39.882
121,40.2244
121.5,40.5667
122,40.909
122.5,41.2514
123,41.5937
123.5,41.936
124,42.2784
124.5,42.6207
125,42.963
125.5,43.3054
126,43.6477
126.5,43.99
127,44.3324
127.5,44.6747
128,45.017
128.5,45.3594
129,45.7017
129.5,46.044
130,46.3864
130.5,46.7287
131,47.071
131.5,47.4134
132,47.7557
132.5,48.0981
133,48.4404
133.5,48.7827
134,49.1251
134.5,49.4674
135,49.8097
135.5,50.1521
136,50.4944
136.5,50.8367
137,51.1791
137.5,51.5214
138,51.8637
138.5,52.2061
139,52.5484
139.5,52.8907
140,53.2331
140.5,53.5754
141,53.9177
141.5,54.2601
142,54.6024
142.5,54.9448
143,55.2871
143.5,55.6294
144,55.9718
144.5,56.3141
145,56.6564
145.5,56.9988
146,57.3411
146.5,57.6834
147,58.0258
147.5,58.3681
148,58.7104
148.5,59.0528
149,59.3951
149.5,59.7374
150,60.0798
150.5,60.4221
151,60.7644
151.5,61.1068
152,61.4491
152.5,61.7914
153,62.1338
153.5,62.4761
154,62.8185
154.5,63.1608
155,63.5031
155.5,63.8455
156,64.1878
156.5,64.5301
157,64.8725
157.5,65.2148
158,65.5571
158.5,65.8995
159,66.2418
159.5,66.5841
160,66.9265
160.5,67.2688
161,67.6111
161.5,67.9535
162,68.2958
162.5,68.6381
163,68.9805
163.5,69.3228
164,69.6652
164.5,70.0075
165,70.3498
165.5,70.6922
166,71.0345
166.5,71.3768
167,71.7192
167.5,72.0615
168,72.4038
168.5,72.7462
169,73.0885
169.5,73.4308
170,73.7732
170.5,74.1155
171,74.4578
171.5,74.8002
172,75.1425
172.5,75.4848
173,75.8272
173.5,76.1695
174,76.5119
174.5,76.8542
175,77.1965
175.5,77.5389
176,77.8812
176.5,78.2235
177,78.5659
177.5,78.9082
178,79.2505
178.5,79.5929
179,79.9352
179.5,80.2775
180,80.6199
180.5,80.9622
181,81.3045
181.5,81.6469
182,81.9892
182.5,82.3315
183,82.6739
183.5,83.0162
184,83.3585
184.5,83.7009
185,84.0432
185.5,84.3856
186,84.7279
186.5,85.0702
187,85.4126
187.5,85.7549
188,86.0972
188.5,86.4396
189,86.7819
189.5,87.1242
190,87.4666
190.5,87.8089
191,88.1512
191.5,88.4936
192,88.8359
192.5,89.1782
193,89.5206
193.5,89.8629
194,90.2052
194.5,90.5476
195,90.8899
195.5,91.2323
196,91.5746
196.5,91.9169
197,92.2593
197.5,92.6016
198,92.9439
198.5,93.2863
199,93.6286
199.5,93.9709
200,94.3133
200.5,94.6556
201,94.9979
201.5,95.3403
202,95.6826
202.5,96.0249
203,96.3673
203.5,96.7096
204,97.0519
204.5,97.3943
205,97.7366
205.5,98.0789
206,98.4213
206.5,98.7636
207,99.106
207.5,99.4483
208,99.7906
208.5,100.133
209,100.475
209.5,100.818
210,101.16
210.5,101.502
211,101.845
211.5,102.187
212,102.529
212.5,102.872
213,103.214
213.5,103.556
214,103.899
214.5,104.241
215,104.583
215.5,104.926
216,105.268
216.5,105.61
217,105.953
217.5,106.295
218,106.637
218.5,106.98
219,107.322
219.5,107.664
220,108.007
220.5,108.349
221,108.691
221.5,109.034
222,109.376
222.5,109.718
223,110.061
223.5,110.403
224,110.745
224.5,111.088
225,111.43
225.5,111.772
226,112.115
226.5,112.457
227,112.799
227.5,113.142
228,113.484
228.5,113.826
229,114.169
229.5,114.511
230,114.853
230.5,115.196
231,115.538
231.5,115.88
232,116.223
232.5,116.565
233,116.907
233.5,117.25
234,117.592
234.5,117.934
235,118.277
235.5,118.619
236,118.961
236.5,119.304
237,119.646
237.5,119.988
238,120.331
238.5,120.673
239,121.015
239.5,121.358
240,121.7
240.5,122.077
241,122.487
241.5,122.932
242,123.412
242.5,123.925
243,124.473
243.5,125.055
244,125.671
244.5,126.322
245,127.006
245.5,127.682
246,128.35
246.5,129.009
247,129.659
247.5,130.301
248,130.935
248.5,131.559
249,132.176
249.5,132.783
250,133.382
250.5,133.973
251,134.555
251.5,135.128
252,135.693
252.5,136.249
253,136.797
253.5,137.336
254,137.867
254.5,138.389
255,138.902
255.5,139.407
256,139.904
256.5,140.392
257,140.871
257.5,141.342
258,141.804
258.5,142.257
259,142.702
259.5,143.139
260,143.567
260.5,143.986
261,144.397
261.5,144.799
262,145.193
262.5,145.578
263,145.954
263.5,146.322
264,146.682
264.5,147.033
265,147.375
265.5,147.718
266,148.06
266.5,148.402
267,148.745
267.5,149.087
268,149.429
268.5,149.772
269,150.114
269.5,150.456
270,150.799
270.5,151.141
271,151.483
271.5,151.826
272,152.168
272.5,152.51
273,152.853
273.5,153.195
274,153.537
274.5,153.88
275,154.222
275.5,154.564
276,154.907
276.5,155.249
277,155.591
277.5,155.934
278,156.276
278.5,156.618
279,156.961
279.5,157.303
280,157.645
280.5,157.988
281,158.33
281.5,158.672
282,159.015
282.5,159.357
283,159.699
283.5,160.042
284,160.384
284.5,160.726
285,161.069
285.5,161.411
286,161.753
286.5,162.096
287,162.438
287.5,162.78
288,163.123
288.5,163.465
289,163.807
289.5,164.15
290,164.492
290.5,164.834
291,165.177
291.5,165.519
292,165.861
292.5,166.204
293,166.546
293.5,166.888
294,167.231
294.5,167.573
295,167.915
295.5,168.258
296,168.6
296.5,168.942
297,169.285
297.5,169.627
298,169.969
298.5,170.312
299,170.654
299.5,170.996
300,171.339
300.5,171.681
301,172.023
301.5,172.366
302,172.708
302.5,173.05
303,173.393
303.5,173.735
304,174.077
304.5,174.42
305,174.762
305.5,175.104
306,175.447
306.5,175.789
307,176.131
307.5,176.474
308,176.816
308.5,177.158
309,177.501
309.5,177.843
310,178.185
310.5,178.528
311,178.87
311.5,179.212
312,179.555
312.5,179.897
313,180.239
313.5,180.582
314,180.924
314.5,181.266
315,181.609
315.5,181.951
316,182.293
316.5,182.636
317,182.978
317.5,183.32
318,183.663
318.5,184.005
319,184.347
319.5,184.69
320,185.032
320.5,185.374
321,185.717
321.5,186.059
322,186.401
322.5,186.744
323,187.086
323.5,187.428
324,187.771
324.5,188.113
325,188.455
325.5,188.798
326,189.14
326.5,189.482
327,189.825
327.5,190.167
328,190.509
328.5,190.852
329,191.194
329.5,191.536
330,191.879
330.5,192.221
331,192.563
331.5,192.906
332,193.248
332.5,193.59
333,193.933
333.5,194.275
334,194.617
334.5,194.96
335,195.302
335.5,195.644
336,195.987
336.5,196.329
337,196.671
337.5,197.014
338,197.356
338.5,197.698
339,198.041
339.5,198.383
340,198.725
340.5,199.068
341,199.41
341.5,199.752
342,200.095
342.5,200.437
343,200.779
343.5,201.122
344,201.464
344.5,201.806
345,202.149
345.5,202.491
346,202.833
346.5,203.176
347,203.518
347.5,203.86
348,204.203
348.5,204.545
349,204.887
349.5,205.23
350,205.572
350.5,205.914
351,206.257
351.5,206.599
352,206.941
352.5,207.284
353,207.626
353.5,207.968
354,208.311
354.5,208.653
355,208.995
355.5,209.338
356,209.68
356.5,210.022
357,210.365
357.5,210.707
358,211.049
358.5,211.392
359,211.734
359.5,212.076
360,212.419
360.5,212.761
361,213.103
361.5,213.446
362,213.788
362.5,214.13
363,214.473
363.5,214.815
364,215.157
364.5,215.5
365,215.842
365.5,216.184
366,216.527
366.5,216.869
367,217.211
367.5,217.554
368,217.896
368.5,218.238
369,218.581
369.5,218.923
370,219.266
370.5,219.608
371,219.95
371.5,220.293
372,220.635
372.5,220.977
373,221.32
373.5,221.662
374,222.004
374.5,222.347
375,222.689
375.5,223.031
376,223.374
376.5,223.716
377,224.058
377.5,224.401
378,224.743
378.5,225.085
379,225.428
379.5,225.77
380,226.112
380.5,226.455
381,226.797
381.5,227.139
382,227.482
382.5,227.824
383,228.166
383.5,228.509
384,228.851
384.5,229.193
385,229.536
385.5,229.878
386,230.22
386.5,230.563
387,230.905
387.5,231.247
388,231.59
388.5,231.932
389,232.274
389.5,232.617
390,232.959
390.5,233.301
391,233.644
391.5,233.986
392,234.328
392.5,234.671
393,235.013
393.5,235.355
394,235.698
394.5,236.04
395,236.382
395.5,236.725
396,237.067
396.5,237.409
397,237.752
397.5,238.094
398,238.436
398.5,238.779
399,239.121
399.5,239.463
400,239.806
400.5,240.148
401,240.49
401.5,240.833
402,241.175
402.5,241.517
403,241.86
403.5,242.202
404,242.544
404.5,242.887
405,243.229
405.5,243.571
406,243.914
406.5,244.256
407,244.598
407.5,244.941
408,245.283
408.5,245.625
409,245.968
409.5,246.31
410,246.652
410.5,246.995
411,247.337
411.5,247.679
412,248.022
412.5,248.364
413,248.706
413.5,249.049
414,249.391
414.5,249.733
415,250.076
415.5,250.418
416,250.76
416.5,251.103
417,251.445
417.5,251.787
418,252.13
418.5,252.472
419,252.814
419.5,253.157
420,253.499
420.5,253.876
421,254.286
421.5,254.731
422,255.211
422.5,255.724
423,256.272
423.5,256.854
424,257.47
424.5,258.121
425,258.805
425.5,259.481
426,260.149
426.5,260.808
427,261.458
427.5,262.1
428,262.733
428.5,263.358
429,263.974
429.5,264.582
430,265.181
430.5,265.772
431,266.354
431.5,266.927
432,267.492
432.5,268.048
433,268.596
433.5,269.135
434,269.666
434.5,270.188
435,270.701
435.5,271.206
436,271.703
436.5,272.19
437,272.67
437.5,273.14
438,273.603
438.5,274.056
439,274.501
439.5,274.938
440,275.366
440.5,275.785
441,276.196
441.5,276.598
442,276.992
442.5,277.377
443,277.753
443.5,278.121
444,278.481
444.5,278.832
445,279.174
445.5,279.516
446,279.859
446.5,280.201
447,280.543
447.5,280.886
448,281.228
448.5,281.57
449,281.913
449.5,282.255
450,282.597
450.5,282.94
451,283.282
451.5,283.624
452,283.967
452.5,284.309
453,284.651
453.5,284.994
454,285.336
454.5,285.678
455,286.021
455.5,286.363
456,286.705
456.5,287.048
457,287.39
457.5,287.732
458,288.075
458.5,288.417
459,288.759
459.5,289.102
460,289.444
460.5,289.786
461,290.129
461.5,290.471
462,290.813
462.5,291.156
463,291.498
463.5,291.841
464,292.183
464.5,292.525
465,292.868
465.5,293.21
466,293.552
466.5,293.895
467,294.237
467.5,294.579
468,294.922
468.5,295.264
469,295.606
469.5,295.949
470,296.291
470.5,296.633
471,296.976
471.5,297.318
472,297.66
472.5,298.003
473,298.345
473.5,298.687
474,299.03
474.5,299.372
475,299.714
475.5,300.057
476,300.399
476.5,300.741
477,301.084
477.5,301.426
478,301.768
478.5,302.111
479,302.453
479.5,302.795
480,303.138
480.5,303.48
481,303.822
481.5,304.165
482,304.507
482.5,304.849
483,305.192
483.5,305.534
484,305.876
484.5,306.219
485,306.561
485.5,306.903
486,307.246
486.5,307.588
487,307.93
487.5,308.273
488,308.615
488.5,308.957
489,309.3
489.5,309.642
490,309.984
490.5,310.327
491,310.669
491.5,311.011
492,311.354
492.5,311.696
493,312.038
493.5,312.381
494,312.723
494.5,313.065
495,313.408
495.5,313.75
496,314.092
496.5,314.435
497,314.777
497.5,315.119
498,315.462
498.5,315.804
499,316.146
499.5,316.489
500,316.831
500.5,317.173
501,317.516
501.5,317.858
502,318.2
502.5,318.543
503,318.885
503.5,319.227
504,319.57
504.5,319.912
505,320.254
505.5,320.597
506,320.939
506.5,321.281
507,321.624
507.5,321.966
508,322.308
508.5,322.651
509,322.993
509.5,323.335
510,323.678
510.5,324.02
511,324.362
511.5,324.705
512,325.047
512.5,325.389
513,325.732
513.5,326.074
514,326.416
514.5,326.759
515,327.101
515.5,327.443
516,327.786
516.5,328.128
517,328.47
517.5,328.813
518,329.155
518.5,329.497
519,329.84
519.5,330.182
520,330.524
520.5,330.867
521,331.209
521.5,331.551
522,331.894
522.5,332.236
523,332.578
523.5,332.921
524,333.263
524.5,333.605
525,333.948
525.5,334.29
526,334.632
526.5,334.975
527,335.317
527.5,335.659
528,336.002
528.5,336.344
529,336.686
529.5,337.029
530,337.371
530.5,337.713
531,338.056
531.5,338.398
532,338.74
532.5,339.083
533,339.425
533.5,339.767
534,340.11
534.5,340.452
535,340.794
535.5,341.137
536,341.479
536.5,341.821
537,342.164
537.5,342.506
538,342.848
538.5,343.191
539,343.533
539.5,343.875
540,344.218
540.5,344.56
541,344.902
541.5,345.245
542,345.587
542.5,345.929
543,346.272
543.5,346.614
544,346.956
544.5,347.299
545,347.641
545.5,347.983
546,348.326
546.5,348.668
547,349.01
547.5,349.353
548,349.695
548.5,350.037
549,350.38
549.5,350.722
550,351.064
550.5,351.407
551,351.749
551.5,352.091
552,352.434
552.5,352.776
553,353.118
553.5,353.461
554,353.803
554.5,354.145
555,354.488
555.5,354.83
556,355.172
556.5,355.515
557,355.857
557.5,356.199
558,356.542
558.5,356.884
559,357.226
559.5,357.569
560,357.911
560.5,358.253
561,358.596
561.5,358.938
562,359.28
562.5,359.623
563,359.965
563.5,360.307
564,360.65
564.5,360.992
565,361.334
565.5,361.677
566,362.019
566.5,362.361
567,362.704
567.5,363.046
568,363.388
568.5,363.731
569,364.073
569.5,364.416
570,364.758
570.5,365.1
571,365.443
571.5,365.785
572,366.127
572.5,366.47
573,366.812
573.5,367.154
574,367.497
574.5,367.839
575,368.181
575.5,368.524
576,368.866
576.5,369.208
577,369.551
577.5,369.893
578,370.235
578.5,370.578
579,370.92
579.5,371.262
580,371.605
580.5,371.947
581,372.289
581.5,372.632
582,372.974
582.5,373.316
583,373.659
583.5,374.001
584,374.343
584.5,374.686
585,375.028
585.5,375.37
586,375.713
586.5,376.055
587,376.397
587.5,376.74
588,377.082
588.5,377.424
589,377.767
589.5,378.109
590,378.451
590.5,378.794
591,379.136
591.5,379.478
592,379.821
592.5,380.163
593,380.505
593.5,380.848
594,381.19
594.5,381.532
595,381.875
595.5,382.217
596,382.559
596.5,382.902
597,383.244
597.5,383.586
598,383.929
598.5,384.271
599,384.613
599.5,384.956
600,385.298
600.5,385.64
601,385.983
601.5,386.325
602,386.667
602.5,387.01
603,387.352
603.5,387.694
604,388.037
604.5,388.379
605,388.721
605.5,389.055
606,389.38
606.5,389.697
607,390.005
607.5,390.305
608,390.596
608.5,390.878
609,391.152
609.5,391.417
610,391.674
610.5,391.922
611,392.162
611.5,392.393
612,392.615
612.5,392.829
613,393.035
613.5,393.232
614,393.42
614.5,393.6
615,393.771
615.5,393.933
616,394.087
616.5,394.233
617,394.37
617.5,394.498
618,394.618
618.5,394.729
619,394.832
619.5,394.926
620,395.012
620.5,395.089
621,395.157
621.5,395.217
622,395.268
622.5,395.311
623,395.345
623.5,395.371
624,395.388
624.5,395.397
625,395.397
625.5,395.397
626,395.397
626.5,395.397
627,395.397
627.5,395.397
628,395.397
628.5,395.397
629,395.397
629.5,395.397
630,395.397
630.5,395.397
631,395.397
631.5,395.397
632,395.397
632.5,395.397
633,395.397
633.5,395.397
634,395.397
634.5,395.397
635,395.397
635.5,395.397
636,395.397
636.5,395.397
637,395.397
637.5,395.397
638,395.397
638.5,395.397
639,395.397
639.5,395.397
640,395.397
640.5,395.397
641,395.397
641.5,395.397
642,395.397
642.5,395.397
643,395.397
643.5,395.397
644,395.397
644.5,395.397
645,395.397
645.5,395.397
646,395.397
646.5,395.397
647,395.397
647.5,395.397
648,395.397
648.5,395.397
649,395.397
649.5,395.397
650,395.397
650.5,395.397
651,395.397
651.5,395.397
652,395.397
652.5,395.397
653,395.397
653.5,395.397
654,395.397
654.5,395.397
655,395.397
655.5,395.397
656,395.397
656.5,395.397
657,395.397
657.5,395.397
658,395.397
658.5,395.397
659,395.397
659.5,395.397
660,395.397
660.5,395.397
661,395.397
661.5,395.397
662,395.397
662.5,395.397
663,395.397
663.5,395.397
664,395.397
664.5,395.397
665,395.397
665.5,395.397
666,395.397
666.5,395.397
667,395.397
667.5,395.397
668,395.397
668.5,395.397
669,395.397
669.5,395.397
670,395.397
670.5,395.397
671,395.397
671.5,395.397
672,395.397
672.5,395.397
673,395.397
673.5,395.397
674,395.397
674.5,395.397
675,395.397
675.5,395.397
676,395.397
676.5,395.397
677,395.397
677.5,395.397
678,395.397
678.5,395.397
679,395.397
679.5,395.397
680,395.397
680.5,395.397
681,395.397
681.5,395.397
682,395.397
682.5,395.397
683,395.397
683.5,395.397
684,395.397
684.5,395.397
685,395.397
685.5,395.397
686,395.397
686.5,395.397
687,395.397
687.5,395.397
688,395.397
688.5,395.397
689,395.397
689.5,395.397
690,395.397
690.5,395.397
691,395.397
691.5,395.397
692,395.397
692.5,395.397
693,395.397
693.5,395.397
694,395.397
694.5,395.397
695,395.397
695.5,395.397
696,395.397
696.5,395.397
697,395.397
697.5,395.397
698,395.397
698.5,395.397
699,395.397
699.5,395.397
700,395.397
700.5,395.397
701,395.397
701.5,395.397
702,395.397
702.5,395.397
703,395.397
703.5,395.397
704,395.397
704.5,395.397
705,395.397
705.5,395.397
706,395.397
706.5,395.397
707,395.397
707.5,395.397
708,395.397
708.5,395.397
709,395.397
709.5,395.397
710,395.397
710.5,395.397
711,395.397
711.5,395.397
712,395.397
712.5,395.397
713,395.397
713.5,395.397
714,395.397
714.5,395.397
715,395.397
715.5,395.397
716,395.397
716.5,395.397
717,395.397
717.5,395.397
718,395.397
718.5,395.397
719,395.397
719.5,395.397
720,395.397
720.5,395.397
721,395.397
721.5,395.397
722,395.397
722.5,395.397
723,395.397
723.5,395.397
724,395.397
724.5,395.397
725,395.397
725.5,395.397
726,395.397
726.5,395.397
727,395.397
727.5,395.397
728,395.397
728.5,395.397
729,395.397
729.5,395.397
730,395.397
730.5,395.397
731,395.397
731.5,395.397
732,395.397
732.5,395.397
733,395.397
733.5,395.397
734,395.397
734.5,395.397
735,395.397
735.5,395.397
736,395.397
736.5,395.397
737,395.397
737.5,395.397
738,395.397
738.5,395.397
739,395.397
739.5,395.397
740,395.397
740.5,395.397
741,395.397
741.5,395.397
742,395.397
742.5,395.397
743,395.397
743.5,395.397
744,395.397
744.5,395.397
745,395.397
745.5,395.397
746,395.397
746.5,395.397
747,395.397
747.5,395.397
748,395.397
748.5,395.397
749,395.397
749.5,395.397
750,395.397
750.5,395.397
751,395.397
751.5,395.397
752,395.397
752.5,395.397
753,395.397
753.5,395.397
754,395.397
754.5,395.397
755,395.397
755.5,395.397
756,395.397
756.5,395.397
757,395.397
757.5,395.397
758,395.397
758.5,395.397
759,395.397
759.5,395.397
760,395.397
760.5,395.397
761,395.397
761.5,395.397
762,395.397
762.5,395.397
763,395.397
763.5,395.397
764,395.397
764.5,395.397
765,395.397
765.5,395.397
766,395.397
766.5,395.397
767,395.397
767.5,395.397
768,395.397
768.5,395.397
769,395.397
769.5,395.397
770,395.397
770.5,395.397
771,395.397
771.5,395.397
772,395.397
772.5,395.397
773,395.397
773.5,395.397
774,395.397
774.5,395.397
775,395.397
775.5,395.397
776,395.397
776.5,395.397
777,395.397
777.5,395.397
778,395.397
778.5,395.397
779,395.397
779.5,395.397
780,395.397
780.5,395.397
781,395.397
781.5,395.397
782,395.397
782.5,395.397
783,395.397
783.5,395.397
784,395.397
784.5,395.397
785,395.397
785.5,395.397
786,395.397
786.5,395.397
787,395.397
787.5,395.397
788,395.397
788.5,395.397
789,395.397
789.5,395.397
790,395.397
790.5,395.397
791,395.397
791.5,395.397
792,395.397
792.5,395.397
793,395.397
793.5,395.397
794,395.397
794.5,395.397
795,395.397
795.5,395.397
796,395.397
796.5,395.397
797,395.397
797.5,395.397
798,395.397
798.5,395.397
799,395.397
799.5,395.397
800,395.397
800.5,395.397
801,395.397
801.5,395.397
802,395.397
802.5,395.397
803,395.397
803.5,395.397
804,395.397
804.5,395.397
805,395.397
805.5,395.397
806,395.397
806.5,395.397
807,395.397
807.5,395.397
808,395.397
808.5,395.397
809,395.397
809.5,395.397
810,395.397
810.5,395.397
811,395.397
811.5,395.397
812,395.397
812.5,395.397
813,395.397
813.5,395.397
814,395.397
814.5,395.397
815,395.397
815.5,395.397
816,395.397
816.5,395.397
817,395.397
817.5,395.397
818,395.397
818.5,395.397
819,395.397
819.5,395.397
820,395.397
820.5,395.397
821,395.397
821.5,395.397
822,395.397
822.5,395.397
823,395.397
823.5,395.397
824,395.397
824.5,395.397
825,395.397
825.5,395.397
826,395.397
826.5,395.397
827,395.397
827.5,395.397
828,395.397
828.5,395.397
829,395.397
829.5,395.397
830,395.397
830.5,395.397
831,395.397
831.5,395.397
832,395.397
832.5,395.397
833,395.397
833.5,395.397
834,395.397
834.5,395.397
835,395.397
835.5,395.397
836,395.397
836.5,395.397
837,395.397
837.5,395.397
838,395.397
838.5,395.397
839,395.397
839.5,395.397
840,395.397
840.5,395.397
841,395.397
841.5,395.397
842,395.397
842.5,395.397
843,395.397
843.5,395.397
844,395.397
844.5,395.397
845,395.397
845.5,395.397
846,395.397
846.5,395.397
847,395.397
847.5,395.397
848,395.397
848.5,395.397
849,395.397
849.5,395.397
850,395.397
850.5,395.397
851,395.397
851.5,395.397
852,395.397
852.5,395.397
853,395.397
853.5,395.397
854,395.397
854.5,395.397
855,395.397
855.5,395.397
856,395.397
856.5,395.397
857,395.397
857.5,395.397
858,395.397
858.5,395.397
859,395.397
859.5,395.397
860,395.397
860.5,395.397
861,395.397
861.5,395.397
862,395.397
862.5,395.397
863,395.397
863.5,395.397
864,395.397
864.5,395.397
865,395.397
865.5,395.397
866,395.397
866.5,395.397
867,395.397
867.5,395.397
868,395.397
868.5,395.397
869,395.397
869.5,395.397
870,395.397
870.5,395.397
871,395.397
871.5,395.397
872,395.397
872.5,395.397
873,395.397
873.5,395.397
874,395.397
874.5,395.397
875,395.397
875.5,395.397
876,395.397
876.5,395.397
877,395.397
877.5,395.397
878,395.397
878.5,395.397
879,395.397
879.5,395.397
880,395.397
880.5,395.397
881,395.397
881.5,395.397
882,395.397
882.5,395.397
883,395.397
883.5,395.397
884,395.397
884.5,395.397
885,395.397
885.5,395.397
886,395.397
886.5,395.397
887,395.397
887.5,395.397
888,395.397
888.5,395.397
889,395.397
889.5,395.397
890,395.397
890.5,395.397
891,395.397
891.5,395.397
892,395.397
892.5,395.397
893,395.397
893.5,395.397
894,395.397
894.5,395.397
895,395.397
895.5,395.397
896,395.397
896.5,395.397
897,395.397
897.5,395.397
898,395.397
898.5,395.397
899,395.397
899.5,395.397
900,395.397
