C,C,C,C,C,C,C,C,C,C,C,C,C,C,C
gridconv_T_dy00,gridconv_T_dy01,gridconv_T_dy02,gridconv_T_dy03,gridconv_T_dy04,gridconv_T_dy05,gridconv_T_dy06,gridconv_T_dy07,gridconv_T_dy08,gridconv_T_dy09,gridconv_T_dy10,gridconv_T_dy11,gridconv_T_dy12,gridconv_T_dy13,gridconv_T_dy14
 8.2489263E+002, 6.8830884E+002, 5.1929780E+002, 3.4609302E+002, 1.8423247E+002, 7.7846654E+001, 5.7247553E+001, 4.9789383E+001, 4.6839993E+001, 4.4942879E+001, 4.3592716E+001, 4.2526425E+001, 4.1541382E+001, 4.0177736E+001, 3.7892167E+001
 5.7067637E+002, 4.3781844E+002, 3.1115561E+002, 2.0604194E+002, 1.2276196E+002, 7.1544605E+001, 5.7675351E+001, 5.1454737E+001, 4.8432253E+001, 4.6536641E+001, 4.5436935E+001, 4.4594602E+001, 4.3387552E+001, 4.1529461E+001, 3.8414485E+001
 3.7794515E+002, 2.8864495E+002, 2.1008472E+002, 1.4474632E+002, 9.8522724E+001, 7.3256029E+001, 6.3526778E+001, 5.7409296E+001, 5.3530697E+001, 5.1268509E+001, 5.0000448E+001, 4.9138775E+001, 4.7621654E+001, 4.4767108E+001, 4.0098858E+001
 2.7885055E+002, 2.2206600E+002, 1.6506620E+002, 1.2053836E+002, 9.5035363E+001, 8.2011051E+001, 7.5238851E+001, 6.9436763E+001, 6.4656353E+001, 6.0910803E+001, 5.8121260E+001, 5.5933073E+001, 5.3251012E+001, 4.8813857E+001, 4.1977194E+001
 2.2809753E+002, 1.8650846E+002, 1.4227750E+002, 1.1401765E+002, 9.9239758E+001, 9.1595219E+001, 8.6941060E+001, 8.2890164E+001, 7.8732876E+001, 7.4451063E+001, 7.0444088E+001, 6.6418879E+001, 6.1686052E+001, 5.4562819E+001, 4.4799990E+001
 1.9915849E+002, 1.6430578E+002, 1.3344118E+002, 1.1570741E+002, 1.0621956E+002, 1.0122474E+002, 9.8087569E+001, 9.5120230E+001, 9.1809283E+001, 8.8278276E+001, 8.4168513E+001, 7.8798011E+001, 7.1809304E+001, 6.1330651E+001, 4.8287675E+001
 1.8172467E+002, 1.5271011E+002, 1.3240308E+002, 1.2011711E+002, 1.1330491E+002, 1.0953927E+002, 1.0729125E+002, 1.0516914E+002, 1.0298637E+002, 1.0033612E+002, 9.6744583E+001, 9.1331105E+001, 8.3290174E+001, 7.0306776E+001, 5.3234891E+001
 1.7054722E+002, 1.4888043E+002, 1.3561026E+002, 1.2604104E+002, 1.2090998E+002, 1.1782667E+002, 1.1570977E+002, 1.1354786E+002, 1.1158637E+002, 1.0902595E+002, 1.0591951E+002, 1.0120561E+002, 9.3849416E+001, 8.0486233E+001, 6.0474948E+001
 1.6493931E+002, 1.4971957E+002, 1.4006850E+002, 1.3216418E+002, 1.2810906E+002, 1.2541023E+002, 1.2304227E+002, 1.2074534E+002, 1.1868958E+002, 1.1646296E+002, 1.1382754E+002, 1.1006306E+002, 1.0407051E+002, 9.2104530E+001, 7.0946253E+001
 1.6354948E+002, 1.5206350E+002, 1.4389252E+002, 1.3719008E+002, 1.3382821E+002, 1.3138072E+002, 1.2914575E+002, 1.2704965E+002, 1.2525915E+002, 1.2355419E+002, 1.2165711E+002, 1.1914127E+002, 1.1454131E+002, 1.0444746E+002, 8.4204242E+001
 1.6409599E+002, 1.5498989E+002, 1.4766301E+002, 1.4199250E+002, 1.3878441E+002, 1.3637988E+002, 1.3428955E+002, 1.3242670E+002, 1.3108605E+002, 1.3009841E+002, 1.2909055E+002, 1.2757457E+002, 1.2485546E+002, 1.1815900E+002, 1.0136846E+002
 1.6530106E+002, 1.5825693E+002, 1.5109823E+002, 1.4628461E+002, 1.4332844E+002, 1.4085553E+002, 1.3913300E+002, 1.3776299E+002, 1.3712314E+002, 1.3689557E+002, 1.3669096E+002, 1.3611631E+002, 1.3545881E+002, 1.3301600E+002, 1.2272221E+002
 1.6731587E+002, 1.6151144E+002, 1.5478038E+002, 1.5070841E+002, 1.4786362E+002, 1.4564191E+002, 1.4422554E+002, 1.4332741E+002, 1.4321431E+002, 1.4364847E+002, 1.4433510E+002, 1.4475650E+002, 1.4628960E+002, 1.4780434E+002, 1.4470358E+002
 1.6909820E+002, 1.6388493E+002, 1.5812022E+002, 1.5486896E+002, 1.5232963E+002, 1.5052000E+002, 1.4950467E+002, 1.4882951E+002, 1.4886896E+002, 1.4941334E+002, 1.5059581E+002, 1.5209580E+002, 1.5485357E+002, 1.5891573E+002, 1.6258279E+002
 1.7065070E+002, 1.6595103E+002, 1.6153407E+002, 1.5886273E+002, 1.5663618E+002, 1.5478075E+002, 1.5388029E+002, 1.5347709E+002, 1.5365183E+002, 1.5420690E+002, 1.5545919E+002, 1.5735689E+002, 1.6064723E+002, 1.6468690E+002, 1.7291879E+002
 1.7240501E+002, 1.6818483E+002, 1.6478708E+002, 1.6222159E+002, 1.6022908E+002, 1.5862211E+002, 1.5786538E+002, 1.5739824E+002, 1.5771502E+002, 1.5818584E+002, 1.5928989E+002, 1.6113535E+002, 1.6533306E+002, 1.6744360E+002, 1.7791365E+002
 1.7421207E+002, 1.7055424E+002, 1.6742991E+002, 1.6502346E+002, 1.6321034E+002, 1.6193070E+002, 1.6167270E+002, 1.6119020E+002, 1.6150848E+002, 1.6177183E+002, 1.6276750E+002, 1.6422562E+002, 1.6923985E+002, 1.6965746E+002, 1.8118236E+002
 1.7541289E+002, 1.7209638E+002, 1.6902679E+002, 1.6707761E+002, 1.6578599E+002, 1.6473786E+002, 1.6472452E+002, 1.6446084E+002, 1.6479673E+002, 1.6484112E+002, 1.6588868E+002, 1.6725067E+002, 1.7288744E+002, 1.7347240E+002, 1.8640116E+002
 1.7647875E+002, 1.7354246E+002, 1.7062318E+002, 1.6899077E+002, 1.6832020E+002, 1.6736478E+002, 1.6705935E+002, 1.6681275E+002, 1.6737809E+002, 1.6773261E+002, 1.6926129E+002, 1.7066593E+002, 1.7697424E+002, 1.7881893E+002, 1.9213972E+002
 1.7753650E+002, 1.7476081E+002, 1.7225223E+002, 1.7083086E+002, 1.7027665E+002, 1.6947395E+002, 1.6920484E+002, 1.6914925E+002, 1.7001592E+002, 1.7093643E+002, 1.7290054E+002, 1.7509340E+002, 1.8239540E+002, 1.8545991E+002, 1.9691837E+002
 1.7891651E+002, 1.7629173E+002, 1.7410830E+002, 1.7263964E+002, 1.7200163E+002, 1.7132583E+002, 1.7134459E+002, 1.7163307E+002, 1.7281697E+002, 1.7419294E+002, 1.7651679E+002, 1.7978208E+002, 1.8773621E+002, 1.9191072E+002, 2.0078083E+002
 1.8075022E+002, 1.7811856E+002, 1.7597757E+002, 1.7460877E+002, 1.7397384E+002, 1.7344422E+002, 1.7355250E+002, 1.7410938E+002, 1.7554975E+002, 1.7720584E+002, 1.7999678E+002, 1.8427639E+002, 1.9183213E+002, 1.9762165E+002, 2.0392624E+002
 1.8302893E+002, 1.8054285E+002, 1.7841444E+002, 1.7695520E+002, 1.7622485E+002, 1.7607956E+002, 1.7629668E+002, 1.7696526E+002, 1.7836812E+002, 1.8019050E+002, 1.8331184E+002, 1.8759111E+002, 1.9442684E+002, 2.0025332E+002, 2.0533142E+002
 1.8519403E+002, 1.8298282E+002, 1.8113142E+002, 1.7985401E+002, 1.7902137E+002, 1.7907304E+002, 1.7939119E+002, 1.7989703E+002, 1.8106288E+002, 1.8310563E+002, 1.8631594E+002, 1.9046628E+002, 1.9720233E+002, 2.0338189E+002, 2.0671863E+002
 1.8840233E+002, 1.8615678E+002, 1.8467650E+002, 1.8385070E+002, 1.8322435E+002, 1.8304078E+002, 1.8315485E+002, 1.8356154E+002, 1.8473627E+002, 1.8664470E+002, 1.8922154E+002, 1.9315272E+002, 1.9963909E+002, 2.0542990E+002, 2.0776466E+002
 1.9376149E+002, 1.9153374E+002, 1.8984713E+002, 1.8927783E+002, 1.8906905E+002, 1.8895999E+002, 1.8889877E+002, 1.8900941E+002, 1.8984436E+002, 1.9097026E+002, 1.9304003E+002, 1.9639515E+002, 2.0235241E+002, 2.0746815E+002, 2.0876024E+002
 2.0122702E+002, 1.9905626E+002, 1.9732683E+002, 1.9663451E+002, 1.9647465E+002, 1.9631252E+002, 1.9619060E+002, 1.9602842E+002, 1.9636145E+002, 1.9673937E+002, 1.9825158E+002, 2.0059609E+002, 2.0498686E+002, 2.0909392E+002, 2.0952451E+002
 2.1161205E+002, 2.1006322E+002, 2.0869250E+002, 2.0746191E+002, 2.0659540E+002, 2.0610572E+002, 2.0564796E+002, 2.0496993E+002, 2.0454181E+002, 2.0437312E+002, 2.0480183E+002, 2.0603899E+002, 2.0847503E+002, 2.1088409E+002, 2.1003433E+002
 2.2335610E+002, 2.2172566E+002, 2.2018230E+002, 2.1857500E+002, 2.1722063E+002, 2.1625611E+002, 2.1549439E+002, 2.1450790E+002, 2.1348185E+002, 2.1270443E+002, 2.1200343E+002, 2.1173471E+002, 2.1199622E+002, 2.1238136E+002, 2.1010680E+002
 2.3481185E+002, 2.3292115E+002, 2.3117338E+002, 2.2936822E+002, 2.2747852E+002, 2.2566095E+002, 2.2401206E+002, 2.2239589E+002, 2.2071306E+002, 2.1911070E+002, 2.1745738E+002, 2.1586504E+002, 2.1438112E+002, 2.1294962E+002, 2.0956556E+002
